Metric,Value
test_loss,0.531600296497345
test_acc,0.845588207244873
test_f1,0.8359280824661255
best_val,0.9104477763175964
