Metric,Value
test_loss,1.0113492012023926
test_acc,0.8272251486778259
test_f1,0.8269214630126953
best_val,0.9367088675498962
