Metric,Value
test_loss,2.1493752002716064
test_acc,0.6863270998001099
test_f1,0.6858845949172974
best_val,0.9418604373931885
