Metric,Value
test_loss,2.6655032634735107
test_acc,0.6178010702133179
test_f1,0.6162863969802856
best_val,0.9132007360458374
