Metric,Value
test_loss,0.6902937293052673
test_acc,0.8115183115005493
test_f1,0.8115131855010986
best_val,0.9113923907279968
