Metric,Value
test_loss,1.254310131072998
test_acc,0.8090452551841736
test_f1,0.8089245557785034
best_val,0.9147005677223206
