Metric,Value
test_loss,1.4628089666366577
test_acc,0.7295082211494446
test_f1,0.7292171120643616
best_val,0.892988920211792
