Metric,Value
test_loss,0.8665392398834229
test_acc,0.8721804618835449
test_f1,0.865003228187561
best_val,0.9138942956924438
