Metric,Value
test_loss,2.4257798194885254
test_acc,0.4813084006309509
test_f1,0.397045373916626
best_val,0.893069326877594
