Metric,Value
test_loss,0.9905857443809509
test_acc,0.7581967115402222
test_f1,0.7567216157913208
best_val,0.9225092530250549
