Metric,Value
test_loss,2.1580893993377686
test_acc,0.869918704032898
test_f1,0.7611650228500366
best_val,0.9261992573738098
