Metric,Value
test_loss,2.1807353496551514
test_acc,0.7272727489471436
test_f1,0.6921759247779846
best_val,0.9214285612106323
