Metric,Value
test_loss,1.7589539289474487
test_acc,0.6196078658103943
test_f1,0.6172533631324768
best_val,0.8870370388031006
