Metric,Value
test_loss,0.8114153742790222
test_acc,0.8571428656578064
test_f1,0.8520539999008179
best_val,0.9334638118743896
