Metric,Value
test_loss,1.2496936321258545
test_acc,0.5841121673583984
test_f1,0.4555174708366394
best_val,0.8871287107467651
