Metric,Value
test_loss,0.3469308018684387
test_acc,0.8639705777168274
test_f1,0.8562593460083008
best_val,0.9197761416435242
