Metric,Value
test_loss,1.3618310689926147
test_acc,0.7857142686843872
test_f1,0.751697838306427
best_val,0.9196428656578064
