Metric,Value
test_loss,1.464730143547058
test_acc,0.7015706896781921
test_f1,0.6982622146606445
best_val,0.9349005222320557
