Metric,Value
test_loss,1.1798657178878784
test_acc,0.7098039388656616
test_f1,0.6956451535224915
best_val,0.9203703999519348
