Metric,Value
test_loss,0.9951492547988892
test_acc,0.6782841682434082
test_f1,0.6768324375152588
best_val,0.9147287011146545
