Metric,Value
test_loss,2.6030516624450684
test_acc,0.869918704032898
test_f1,0.7658536434173584
best_val,0.9059040546417236
